Country,2015,2015_lower, 2015_upper, 2015_Footnote, 2016,2016_lower, 2016_upper, 2016_Footnote, 2017,2017_lower, 2017_upper, 2017_Footnote, 2018,2018_lower, 2018_upper, 2018_Footnote, 2019,2019_lower, 2019_upper, 2019_Footnote
Afghanistan,... ,... , ...,,... ,... , ...,,... ,... , ...,,... ,... , ...,,... ,... , ...,
Albania,... ,... , ...,"Children estimates were not available at the time of publication.",... ,... , ...,"Children estimates were not available at the time of publication.",... ,... , ...,"Children estimates were not available at the time of publication.",... ,... , ...,"Children estimates were not available at the time of publication.",35 ,29 , 40,"Children estimates were not available at the time of publication."
Algeria,60 ,55 , 66,,66 ,60 , 71,,68 ,62 , 73,,71 ,65 , 77,,76 ,71 , 83,
Angola,... ,... , ...,,... ,... , ...,,... ,... , ...,,... ,... , ...,,... ,... , ...,
Argentina,... ,... , ...,,... ,... , ...,,... ,... , ...,,... ,... , ...,,... ,... , ...,
Armenia,18 ,16 , 21,,20 ,18 , 24,,31 ,28 , 36,,37 ,33 , 43,,43 ,38 , 49,
Australia,... ,... , ...,"Children estimates were not available at the time of publication.",... ,... , ...,"Children estimates were not available at the time of publication.",... ,... , ...,"Children estimates were not available at the time of publication.",... ,... , ...,"Children estimates were not available at the time of publication.",... ,... , ...,"Children estimates were not available at the time of publication."
Austria,... ,... , ...,"Children estimates were not available at the time of publication.",... ,... , ...,"Children estimates were not available at the time of publication.",... ,... , ...,"Children estimates were not available at the time of publication.",... ,... , ...,"Children estimates were not available at the time of publication.",... ,... , ...,"Children estimates were not available at the time of publication."
Azerbaijan,... ,... , ...,,... ,... , ...,,... ,... , ...,,... ,... , ...,,42 ,32 , 55,
Bahamas,... ,... , ...,"Children estimates were not available at the time of publication.",... ,... , ...,"Children estimates were not available at the time of publication.",... ,... , ...,"Children estimates were not available at the time of publication.",... ,... , ...,"Children estimates were not available at the time of publication.",... ,... , ...,"Children estimates were not available at the time of publication."
Bahrain,... ,... , ...,"Estimates were not available at the time of publication.",... ,... , ...,"Estimates were not available at the time of publication.",... ,... , ...,"Estimates were not available at the time of publication.",... ,... , ...,"Estimates were not available at the time of publication.",... ,... , ...,"Estimates were not available at the time of publication."
Bangladesh,... ,... , ...,"Estimates were not available at the time of publication.",... ,... , ...,"Estimates were not available at the time of publication.",... ,... , ...,"Estimates were not available at the time of publication.",... ,... , ...,"Estimates were not available at the time of publication.",... ,... , ...,"Estimates were not available at the time of publication."
Barbados,... ,... , ...,"Estimates were not available at the time of publication.",... ,... , ...,"Estimates were not available at the time of publication.",... ,... , ...,"Estimates were not available at the time of publication.",... ,... , ...,"Estimates were not available at the time of publication.",... ,... , ...,"Estimates were not available at the time of publication."
Belarus,... ,... , ...,"Children estimates were not available at the time of publication.",... ,... , ...,"Children estimates were not available at the time of publication.",... ,... , ...,"Children estimates were not available at the time of publication.",42 ,33 , 54,"Children estimates were not available at the time of publication.",48 ,39 , 64,"Children estimates were not available at the time of publication."
Belgium,... ,... , ...,"Children estimates were not available at the time of publication.",... ,... , ...,"Children estimates were not available at the time of publication.",... ,... , ...,"Children estimates were not available at the time of publication.",... ,... , ...,"Children estimates were not available at the time of publication.",... ,... , ...,"Children estimates were not available at the time of publication."
Belize,... ,... , ...,,21 ,14 , 29,,... ,... , ...,,24 ,17 , 33,,21 ,14 , 29,
Benin,... ,... , ...,,... ,... , ...,,... ,... , ...,,... ,... , ...,,... ,... , ...,
Bhutan,... ,... , ...,,... ,... , ...,,... ,... , ...,,... ,... , ...,,39 ,13 , 91,
Bolivia (Plurinational State of),... ,... , ...,,31 ,26 , 35,,34 ,28 , 39,,45 ,38 , 53,,53 ,44 , 62,
Bosnia and Herzegovina,... ,... , ...,"Children estimates were not available at the time of publication.",... ,... , ...,"Children estimates were not available at the time of publication.",... ,... , ...,"Children estimates were not available at the time of publication.",... ,... , ...,"Children estimates were not available at the time of publication.",... ,... , ...,"Children estimates were not available at the time of publication."
Botswana,... ,... , ...,,... ,... , ...,,... ,... , ...,,81 ,76 , 86,,81 ,76 , 86,
Brazil,55 ,27 , 81,,58 ,28 , 85,,60 ,29 , 87,,62 ,30 , 91,,64 ,31 , 94,
Brunei Darussalam,... ,... , ...,"Estimates were not available at the time of publication.",... ,... , ...,"Estimates were not available at the time of publication.",... ,... , ...,"Estimates were not available at the time of publication.",... ,... , ...,"Estimates were not available at the time of publication.",... ,... , ...,"Estimates were not available at the time of publication."
Bulgaria,... ,... , ...,"Children estimates were not available at the time of publication.",... ,... , ...,"Children estimates were not available at the time of publication.",... ,... , ...,"Children estimates were not available at the time of publication.",... ,... , ...,"Children estimates were not available at the time of publication.",... ,... , ...,"Children estimates were not available at the time of publication."
Burkina Faso,... ,... , ...,,... ,... , ...,,... ,... , ...,,... ,... , ...,,... ,... , ...,
Burundi,... ,... , ...,,... ,... , ...,,... ,... , ...,,... ,... , ...,,... ,... , ...,
Cabo Verde,... ,... , ...,,... ,... , ...,,28 ,24 , 32,,43 ,37 , 51,,48 ,41 , 57,
Cambodia,... ,... , ...,,... ,... , ...,,69 ,62 , 76,,74 ,66 , 82,,78 ,70 , 87,
Cameroon,... ,... , ...,,... ,... , ...,,... ,... , ...,,... ,... , ...,,... ,... , ...,
Canada,... ,... , ...,,67 ,57 , 78,,... ,... , ...,,70 ,59 , 82,,... ,... , ...,
Central African Republic,... ,... , ...,,... ,... , ...,,... ,... , ...,,... ,... , ...,,... ,... , ...,
Chad,... ,... , ...,,... ,... , ...,,... ,... , ...,,... ,... , ...,,... ,... , ...,
Chile,44 ,39 , 48,,51 ,45 , 56,,56 ,50 , 62,,60 ,53 , 66,,63 ,56 , 70,
China,... ,... , ...,"Estimates were not available at the time of publication.",... ,... , ...,"Estimates were not available at the time of publication.",... ,... , ...,"Estimates were not available at the time of publication.",... ,... , ...,"Estimates were not available at the time of publication.",... ,... , ...,"Estimates were not available at the time of publication."
Colombia,... ,... , ...,,... ,... , ...,,34 ,27 , 42,,47 ,38 , 58,,47 ,38 , 58,
Comoros,... ,... , ...,,... ,... , ...,,... ,... , ...,,... ,... , ...,,... ,... , ...,
Congo,... ,... , ...,,... ,... , ...,,... ,... , ...,,... ,... , ...,,... ,... , ...,
Costa Rica,... ,... , ...,,... ,... , ...,,... ,... , ...,,... ,... , ...,,... ,... , ...,
Croatia,61 ,50 , 71,"Children estimates were not available at the time of publication.",66 ,54 , 77,"Children estimates were not available at the time of publication.",69 ,56 , 81,"Children estimates were not available at the time of publication.",71 ,58 , 84,"Children estimates were not available at the time of publication.",72 ,59 , 85,"Children estimates were not available at the time of publication."
Cuba,... ,... , ...,,... ,... , ...,,44 ,40 , 48,,49 ,43 , 53,,50 ,45 , 55,
Cyprus,... ,... , ...,"Children estimates were not available at the time of publication.",... ,... , ...,"Children estimates were not available at the time of publication.",... ,... , ...,"Children estimates were not available at the time of publication.",... ,... , ...,"Children estimates were not available at the time of publication.",... ,... , ...,"Children estimates were not available at the time of publication."
Czechia,... ,... , ...,"Children estimates were not available at the time of publication.",... ,... , ...,"Children estimates were not available at the time of publication.",... ,... , ...,"Children estimates were not available at the time of publication.",... ,... , ...,"Children estimates were not available at the time of publication.",... ,... , ...,"Children estimates were not available at the time of publication."
CÃ´te d'Ivoire,... ,... , ...,,... ,... , ...,,... ,... , ...,,49 ,44 , 56,,55 ,49 , 63,
Democratic People's Republic of Korea,... ,... , ...,"Estimates were not available at the time of publication.",... ,... , ...,"Estimates were not available at the time of publication.",... ,... , ...,"Estimates were not available at the time of publication.",... ,... , ...,"Estimates were not available at the time of publication.",... ,... , ...,"Estimates were not available at the time of publication."
Democratic Republic of the Congo,... ,... , ...,,... ,... , ...,,... ,... , ...,,... ,... , ...,,... ,... , ...,
Denmark,... ,... , ...,"Children estimates were not available at the time of publication.",... ,... , ...,"Children estimates were not available at the time of publication.",... ,... , ...,"Children estimates were not available at the time of publication.",... ,... , ...,"Children estimates were not available at the time of publication.",... ,... , ...,"Children estimates were not available at the time of publication."
Djibouti,... ,... , ...,,... ,... , ...,,... ,... , ...,,... ,... , ...,,... ,... , ...,
Dominican Republic,... ,... , ...,,... ,... , ...,,26 ,21 , 33,,38 ,31 , 48,,39 ,32 , 49,
Ecuador,... ,... , ...,,... ,... , ...,,... ,... , ...,,53 ,37 , 79,,53 ,36 , 79,
Egypt,... ,... , ...,,... ,... , ...,,... ,... , ...,,... ,... , ...,,... ,... , ...,
El Salvador,41 ,38 , 44,,38 ,35 , 40,,39 ,36 , 42,,40 ,37 , 43,,54 ,49 , 58,
Equatorial Guinea,... ,... , ...,,... ,... , ...,,... ,... , ...,,... ,... , ...,,... ,... , ...,
Eritrea,... ,... , ...,,... ,... , ...,,... ,... , ...,,53 ,40 , 69,,59 ,45 , 76,
Estonia,... ,... , ...,"Children estimates were not available at the time of publication.",... ,... , ...,"Children estimates were not available at the time of publication.",... ,... , ...,"Children estimates were not available at the time of publication.",57 ,51 , 63,"Children estimates were not available at the time of publication.",... ,... , ...,"Children estimates were not available at the time of publication."
Eswatini,... ,... , ...,,71 ,67 , 76,,79 ,74 , 85,,83 ,77 , 89,,93 ,86 , >98,
Ethiopia,... ,... , ...,,... ,... , ...,,... ,... , ...,,64 ,52 , 78,,67 ,54 , 82,
Fiji,... ,... , ...,,... ,... , ...,,... ,... , ...,,... ,... , ...,,27 ,17 , 51,
Finland,... ,... , ...,"Children estimates were not available at the time of publication.",... ,... , ...,"Children estimates were not available at the time of publication.",... ,... , ...,"Children estimates were not available at the time of publication.",... ,... , ...,"Children estimates were not available at the time of publication.",... ,... , ...,"Children estimates were not available at the time of publication."
France,... ,... , ...,"Children estimates were not available at the time of publication.",... ,... , ...,"Children estimates were not available at the time of publication.",... ,... , ...,"Children estimates were not available at the time of publication.",... ,... , ...,"Children estimates were not available at the time of publication.",... ,... , ...,"Children estimates were not available at the time of publication."
Gabon,... ,... , ...,,... ,... , ...,,... ,... , ...,,... ,... , ...,,... ,... , ...,
Gambia,... ,... , ...,,... ,... , ...,,... ,... , ...,,... ,... , ...,,... ,... , ...,
Georgia,46 ,43 , 50,,52 ,48 , 57,,55 ,50 , 60,,56 ,51 , 61,,59 ,53 , 66,
Germany,70 ,54 , 82,"Children estimates were not available at the time of publication.",73 ,57 , 86,"Children estimates were not available at the time of publication.",76 ,59 , 89,"Children estimates were not available at the time of publication.",77 ,60 , 90,"Children estimates were not available at the time of publication.",81 ,63 , 96,"Children estimates were not available at the time of publication."
Ghana,... ,... , ...,,... ,... , ...,,... ,... , ...,,... ,... , ...,,31 ,27 , 36,
Greece,... ,... , ...,"Children estimates were not available at the time of publication.",... ,... , ...,"Children estimates were not available at the time of publication.",... ,... , ...,"Children estimates were not available at the time of publication.",... ,... , ...,"Children estimates were not available at the time of publication.",... ,... , ...,"Children estimates were not available at the time of publication."
Guatemala,... ,... , ...,,40 ,33 , 53,,44 ,36 , 57,,52 ,43 , 67,,56 ,47 , 72,
Guinea,... ,... , ...,,... ,... , ...,,... ,... , ...,,... ,... , ...,,... ,... , ...,
Guinea-Bissau,... ,... , ...,,... ,... , ...,,... ,... , ...,,... ,... , ...,,... ,... , ...,
Guyana,... ,... , ...,,48 ,44 , 52,,50 ,45 , 55,,55 ,50 , 61,,58 ,53 , 65,
Haiti,... ,... , ...,,... ,... , ...,,... ,... , ...,,47 ,42 , 52,,58 ,51 , 64,
Honduras,... ,... , ...,,40 ,35 , 46,,42 ,37 , 48,,43 ,38 , 49,,46 ,41 , 53,
Hungary,... ,... , ...,"Children estimates were not available at the time of publication.",... ,... , ...,"Children estimates were not available at the time of publication.",... ,... , ...,"Children estimates were not available at the time of publication.",... ,... , ...,"Children estimates were not available at the time of publication.",... ,... , ...,"Children estimates were not available at the time of publication."
Iceland,... ,... , ...,"Children estimates were not available at the time of publication.",... ,... , ...,"Children estimates were not available at the time of publication.",... ,... , ...,"Children estimates were not available at the time of publication.",81 ,69 , 92,"Children estimates were not available at the time of publication.",... ,... , ...,"Children estimates were not available at the time of publication."
India,... ,... , ...,"Estimates were not available at the time of publication.",... ,... , ...,"Estimates were not available at the time of publication.",... ,... , ...,"Estimates were not available at the time of publication.",... ,... , ...,"Estimates were not available at the time of publication.",... ,... , ...,"Estimates were not available at the time of publication."
Indonesia,... ,... , ...,,... ,... , ...,,... ,... , ...,,... ,... , ...,,... ,... , ...,
Iran (Islamic Republic of),... ,... , ...,,... ,... , ...,,... ,... , ...,,19 ,14 , 41,,... ,... , ...,
Iraq,... ,... , ...,"Estimates were not available at the time of publication.",... ,... , ...,"Estimates were not available at the time of publication.",... ,... , ...,"Estimates were not available at the time of publication.",... ,... , ...,"Estimates were not available at the time of publication.",... ,... , ...,"Estimates were not available at the time of publication."
Ireland,... ,... , ...,"Children estimates were not available at the time of publication.",... ,... , ...,"Children estimates were not available at the time of publication.",75 ,63 , 89,"Children estimates were not available at the time of publication.",78 ,64 , 94,"Children estimates were not available at the time of publication.",... ,... , ...,"Children estimates were not available at the time of publication."
Israel,... ,... , ...,"Children estimates were not available at the time of publication.",... ,... , ...,"Children estimates were not available at the time of publication.",... ,... , ...,"Children estimates were not available at the time of publication.",... ,... , ...,"Children estimates were not available at the time of publication.",... ,... , ...,"Children estimates were not available at the time of publication."
Italy,... ,... , ...,"Children estimates were not available at the time of publication.",... ,... , ...,"Children estimates were not available at the time of publication.",... ,... , ...,"Children estimates were not available at the time of publication.",... ,... , ...,"Children estimates were not available at the time of publication.",... ,... , ...,"Children estimates were not available at the time of publication."
Jamaica,21 ,17 , 29,,23 ,18 , 31,,26 ,21 , 36,,29 ,24 , 40,,35 ,29 , 48,
Japan,... ,... , ...,"Children estimates were not available at the time of publication.",... ,... , ...,"Children estimates were not available at the time of publication.",... ,... , ...,"Children estimates were not available at the time of publication.",... ,... , ...,"Children estimates were not available at the time of publication.",... ,... , ...,"Children estimates were not available at the time of publication."
Jordan,... ,... , ...,,... ,... , ...,,29 ,26 , 31,,... ,... , ...,,... ,... , ...,
Kazakhstan,19 ,12 , 24,,21 ,14 , 28,,31 ,20 , 40,,35 ,23 , 45,,44 ,28 , 57,
Kenya,... ,... , ...,,... ,... , ...,,... ,... , ...,,... ,... , ...,,75 ,65 , 88,
Kuwait,... ,... , ...,"Estimates were not available at the time of publication.",... ,... , ...,"Estimates were not available at the time of publication.",... ,... , ...,"Estimates were not available at the time of publication.",... ,... , ...,"Estimates were not available at the time of publication.",... ,... , ...,"Estimates were not available at the time of publication."
Kyrgyzstan,20 ,18 , 21,,24 ,22 , 26,,29 ,26 , 31,,33 ,30 , 35,,38 ,35 , 41,
Lao People's Democratic Republic,... ,... , ...,,... ,... , ...,,... ,... , ...,,... ,... , ...,,46 ,42 , 51,
Latvia,... ,... , ...,"Children estimates were not available at the time of publication.",... ,... , ...,"Children estimates were not available at the time of publication.",... ,... , ...,"Children estimates were not available at the time of publication.",... ,... , ...,"Children estimates were not available at the time of publication.",... ,... , ...,"Children estimates were not available at the time of publication."
Lebanon,... ,... , ...,,... ,... , ...,,47 ,42 , 53,,54 ,48 , 60,,59 ,53 , 67,
Lesotho,... ,... , ...,,... ,... , ...,,... ,... , ...,,67 ,62 , 74,,72 ,67 , 80,
Liberia,... ,... , ...,,... ,... , ...,,... ,... , ...,,... ,... , ...,,... ,... , ...,
Libya,... ,... , ...,,31 ,28 , 33,,... ,... , ...,,51 ,47 , 56,,37 ,35 , 41,
Lithuania,... ,... , ...,"Estimates were not available at the time of publication.",... ,... , ...,"Estimates were not available at the time of publication.",... ,... , ...,"Estimates were not available at the time of publication.",... ,... , ...,"Estimates were not available at the time of publication.",... ,... , ...,"Estimates were not available at the time of publication."
Luxembourg,... ,... , ...,"Children estimates were not available at the time of publication.",... ,... , ...,"Children estimates were not available at the time of publication.",... ,... , ...,"Children estimates were not available at the time of publication.",... ,... , ...,"Children estimates were not available at the time of publication.",... ,... , ...,"Children estimates were not available at the time of publication."
Madagascar,... ,... , ...,,... ,... , ...,,... ,... , ...,,... ,... , ...,,... ,... , ...,
Malawi,54 ,51 , 58,,62 ,59 , 67,,66 ,62 , 72,,73 ,69 , 80,,77 ,73 , 84,
Malaysia,... ,... , ...,,... ,... , ...,,... ,... , ...,,... ,... , ...,,... ,... , ...,
Maldives,... ,... , ...,"Estimates were not available at the time of publication.",... ,... , ...,"Estimates were not available at the time of publication.",... ,... , ...,"Estimates were not available at the time of publication.",... ,... , ...,"Estimates were not available at the time of publication.",... ,... , ...,"Estimates were not available at the time of publication."
Mali,... ,... , ...,,... ,... , ...,,... ,... , ...,,... ,... , ...,,... ,... , ...,
Malta,... ,... , ...,"Children estimates were not available at the time of publication.",... ,... , ...,"Children estimates were not available at the time of publication.",... ,... , ...,"Children estimates were not available at the time of publication.",... ,... , ...,"Children estimates were not available at the time of publication.",... ,... , ...,"Children estimates were not available at the time of publication."
Mauritania,... ,... , ...,,... ,... , ...,,... ,... , ...,,... ,... , ...,,... ,... , ...,
Mauritius,... ,... , ...,,... ,... , ...,,... ,... , ...,,12 ,10 , 14,,14 ,12 , 16,
Mexico,34 ,29 , 38,,37 ,32 , 42,,41 ,36 , 46,,45 ,39 , 51,,46 ,40 , 52,
Mongolia,23 ,20 , 26,,21 ,18 , 23,,27 ,24 , 30,,26 ,23 , 28,,30 ,27 , 33,
Montenegro,... ,... , ...,"Children estimates were not available at the time of publication.",34 ,11 , 63,"Children estimates were not available at the time of publication.",39 ,13 , 71,"Children estimates were not available at the time of publication.",... ,... , ...,"Children estimates were not available at the time of publication.",... ,... , ...,"Children estimates were not available at the time of publication."
Morocco,38 ,35 , 42,,45 ,41 , 50,,49 ,44 , 55,,58 ,52 , 65,,64 ,57 , 72,
Mozambique,... ,... , ...,,... ,... , ...,,... ,... , ...,,... ,... , ...,,50 ,41 , 62,
Myanmar,... ,... , ...,"Estimates were not available at the time of publication.",... ,... , ...,"Estimates were not available at the time of publication.",... ,... , ...,"Estimates were not available at the time of publication.",... ,... , ...,"Estimates were not available at the time of publication.",... ,... , ...,"Estimates were not available at the time of publication."
Namibia,63 ,59 , 69,,59 ,55 , 65,,67 ,63 , 74,,74 ,69 , 82,,79 ,73 , 87,
Nepal,... ,... , ...,,... ,... , ...,,47 ,43 , 51,,... ,... , ...,,54 ,49 , 59,
Netherlands,78 ,70 , 86,"Children estimates were not available at the time of publication.",80 ,71 , 88,"Children estimates were not available at the time of publication.",82 ,73 , 91,"Children estimates were not available at the time of publication.",83 ,74 , 93,"Children estimates were not available at the time of publication.",85 ,75 , 95,"Children estimates were not available at the time of publication."
New Zealand,... ,... , ...,"Children estimates were not available at the time of publication.",... ,... , ...,"Children estimates were not available at the time of publication.",... ,... , ...,"Children estimates were not available at the time of publication.",... ,... , ...,"Children estimates were not available at the time of publication.",... ,... , ...,"Children estimates were not available at the time of publication."
Nicaragua,... ,... , ...,,22 ,17 , 29,,30 ,23 , 39,,36 ,27 , 46,,41 ,30 , 53,
Niger,... ,... , ...,,... ,... , ...,,48 ,43 , 54,,56 ,50 , 62,,47 ,42 , 52,
Nigeria,... ,... , ...,,... ,... , ...,,... ,... , ...,,47 ,35 , 62,,50 ,38 , 67,
North Macedonia,... ,... , ...,"Children estimates were not available at the time of publication.",... ,... , ...,"Children estimates were not available at the time of publication.",... ,... , ...,"Children estimates were not available at the time of publication.",... ,... , ...,"Children estimates were not available at the time of publication.",... ,... , ...,"Children estimates were not available at the time of publication."
Norway,... ,... , ...,"Children estimates were not available at the time of publication.",... ,... , ...,"Children estimates were not available at the time of publication.",... ,... , ...,"Children estimates were not available at the time of publication.",... ,... , ...,"Children estimates were not available at the time of publication.",77 ,67 , 87,"Children estimates were not available at the time of publication."
Oman,... ,... , ...,"Estimates were not available at the time of publication.",... ,... , ...,"Estimates were not available at the time of publication.",... ,... , ...,"Estimates were not available at the time of publication.",... ,... , ...,"Estimates were not available at the time of publication.",... ,... , ...,"Estimates were not available at the time of publication."
Pakistan,... ,... , ...,,... ,... , ...,,... ,... , ...,,... ,... , ...,,... ,... , ...,
Panama,... ,... , ...,"Children estimates were not available at the time of publication.",... ,... , ...,"Children estimates were not available at the time of publication.",... ,... , ...,"Children estimates were not available at the time of publication.",37 ,34 , 40,"Children estimates were not available at the time of publication.",... ,... , ...,"Children estimates were not available at the time of publication."
Papua New Guinea,... ,... , ...,"Children estimates were not available at the time of publication.",... ,... , ...,"Children estimates were not available at the time of publication.",... ,... , ...,"Children estimates were not available at the time of publication.",... ,... , ...,"Children estimates were not available at the time of publication.",... ,... , ...,"Children estimates were not available at the time of publication."
Paraguay,... ,... , ...,,... ,... , ...,,... ,... , ...,,... ,... , ...,,... ,... , ...,
Peru,... ,... , ...,,... ,... , ...,,... ,... , ...,,... ,... , ...,,... ,... , ...,
Philippines,... ,... , ...,,... ,... , ...,,... ,... , ...,,... ,... , ...,,... ,... , ...,
Poland,... ,... , ...,"Children estimates were not available at the time of publication.",... ,... , ...,"Children estimates were not available at the time of publication.",... ,... , ...,"Children estimates were not available at the time of publication.",... ,... , ...,"Children estimates were not available at the time of publication.",... ,... , ...,"Children estimates were not available at the time of publication."
Portugal,... ,... , ...,,... ,... , ...,,... ,... , ...,,... ,... , ...,,... ,... , ...,
Qatar,... ,... , ...,,... ,... , ...,,... ,... , ...,,... ,... , ...,,... ,... , ...,
Republic of Korea,... ,... , ...,"Children estimates were not available at the time of publication.",... ,... , ...,"Children estimates were not available at the time of publication.",... ,... , ...,"Children estimates were not available at the time of publication.",... ,... , ...,"Children estimates were not available at the time of publication.",... ,... , ...,"Children estimates were not available at the time of publication."
Republic of Moldova,... ,... , ...,,... ,... , ...,,25 ,22 , 31,,34 ,29 , 41,,39 ,33 , 47,
Romania,... ,... , ...,"Children estimates were not available at the time of publication.",... ,... , ...,"Children estimates were not available at the time of publication.",62 ,37 , 78,"Children estimates were not available at the time of publication.",57 ,35 , 72,"Children estimates were not available at the time of publication.",57 ,34 , 72,"Children estimates were not available at the time of publication."
Russian Federation,... ,... , ...,"Estimates were not available at the time of publication.",... ,... , ...,"Estimates were not available at the time of publication.",... ,... , ...,"Estimates were not available at the time of publication.",... ,... , ...,"Estimates were not available at the time of publication.",... ,... , ...,"Estimates were not available at the time of publication."
Rwanda,... ,... , ...,,73 ,68 , 82,,77 ,71 , 86,,80 ,74 , 91,,82 ,76 , 93,
Sao Tome and Principe,... ,... , ...,,... ,... , ...,,... ,... , ...,,... ,... , ...,,... ,... , ...,
Saudi Arabia,53 ,48 , 58,,46 ,41 , 51,,57 ,51 , 64,,55 ,48 , 63,,67 ,58 , 77,
Senegal,... ,... , ...,,41 ,37 , 46,,33 ,29 , 36,,53 ,47 , 59,,59 ,53 , 66,
Serbia,... ,... , ...,"Children estimates were not available at the time of publication.",... ,... , ...,"Children estimates were not available at the time of publication.",... ,... , ...,"Children estimates were not available at the time of publication.",... ,... , ...,"Children estimates were not available at the time of publication.",... ,... , ...,"Children estimates were not available at the time of publication."
Sierra Leone,... ,... , ...,,... ,... , ...,,... ,... , ...,,... ,... , ...,,... ,... , ...,
Singapore,56 ,50 , 63,"Children estimates were not available at the time of publication.",64 ,56 , 71,"Children estimates were not available at the time of publication.",68 ,60 , 77,"Children estimates were not available at the time of publication.",68 ,59 , 76,"Children estimates were not available at the time of publication.",73 ,63 , 83,"Children estimates were not available at the time of publication."
Slovakia,... ,... , ...,"Children estimates were not available at the time of publication.",... ,... , ...,"Children estimates were not available at the time of publication.",... ,... , ...,"Children estimates were not available at the time of publication.",... ,... , ...,"Children estimates were not available at the time of publication.",... ,... , ...,"Children estimates were not available at the time of publication."
Slovenia,... ,... , ...,"Children estimates were not available at the time of publication.",... ,... , ...,"Children estimates were not available at the time of publication.",... ,... , ...,"Children estimates were not available at the time of publication.",... ,... , ...,"Children estimates were not available at the time of publication.",... ,... , ...,"Children estimates were not available at the time of publication."
Somalia,... ,... , ...,,... ,... , ...,,... ,... , ...,,... ,... , ...,,... ,... , ...,
South Africa,44 ,29 , 58,,49 ,32 , 64,,54 ,35 , 70,,57 ,37 , 74,,61 ,40 , 78,
South Sudan,... ,... , ...,,... ,... , ...,,... ,... , ...,,... ,... , ...,,16 ,12 , 20,
Spain,... ,... , ...,"Children estimates were not available at the time of publication.",... ,... , ...,"Children estimates were not available at the time of publication.",... ,... , ...,"Children estimates were not available at the time of publication.",... ,... , ...,"Children estimates were not available at the time of publication.",... ,... , ...,"Children estimates were not available at the time of publication."
Sri Lanka,... ,... , ...,,23 ,20 , 25,,29 ,26 , 32,,36 ,32 , 39,,46 ,41 , 50,
Sudan,... ,... , ...,,... ,... , ...,,... ,... , ...,,... ,... , ...,,... ,... , ...,
Suriname,37 ,31 , 44,,39 ,33 , 48,,44 ,37 , 56,,48 ,40 , 60,,50 ,41 , 62,
Sweden,... ,... , ...,"Children estimates were not available at the time of publication.",... ,... , ...,"Children estimates were not available at the time of publication.",... ,... , ...,"Children estimates were not available at the time of publication.",... ,... , ...,"Children estimates were not available at the time of publication.",... ,... , ...,"Children estimates were not available at the time of publication."
Switzerland,... ,... , ...,"Children estimates were not available at the time of publication.",... ,... , ...,"Children estimates were not available at the time of publication.",... ,... , ...,"Children estimates were not available at the time of publication.",... ,... , ...,"Children estimates were not available at the time of publication.",... ,... , ...,"Children estimates were not available at the time of publication."
Syrian Arab Republic,... ,... , ...,,... ,... , ...,,... ,... , ...,,... ,... , ...,,... ,... , ...,
Tajikistan,... ,... , ...,,... ,... , ...,,25 ,23 , 28,,31 ,29 , 35,,37 ,34 , 42,
Thailand,... ,... , ...,,... ,... , ...,,... ,... , ...,,68 ,62 , 75,,73 ,66 , 80,
Timor-Leste,... ,... , ...,,... ,... , ...,,... ,... , ...,,... ,... , ...,,... ,... , ...,
Togo,... ,... , ...,,... ,... , ...,,... ,... , ...,,... ,... , ...,,... ,... , ...,
Trinidad and Tobago,... ,... , ...,"Children estimates were not available at the time of publication.",... ,... , ...,"Children estimates were not available at the time of publication.",55 ,49 , 60,"Children estimates were not available at the time of publication.",59 ,53 , 65,"Children estimates were not available at the time of publication.",68 ,60 , 75,"Children estimates were not available at the time of publication."
Tunisia,... ,... , ...,,... ,... , ...,,... ,... , ...,,17 ,15 , 19,,... ,... , ...,
Turkey,... ,... , ...,"Children estimates were not available at the time of publication.",... ,... , ...,"Children estimates were not available at the time of publication.",... ,... , ...,"Children estimates were not available at the time of publication.",... ,... , ...,"Children estimates were not available at the time of publication.",... ,... , ...,"Children estimates were not available at the time of publication."
Uganda,... ,... , ...,,55 ,52 , 60,,63 ,60 , 69,,64 ,60 , 70,,78 ,73 , 86,
Ukraine,25 ,21 , 32,,34 ,27 , 42,,38 ,31 , 48,,47 ,38 , 58,,52 ,42 , 65,
United Arab Emirates,... ,... , ...,,... ,... , ...,,... ,... , ...,,... ,... , ...,,... ,... , ...,
United Kingdom,... ,... , ...,"Children estimates were not available at the time of publication.",... ,... , ...,"Children estimates were not available at the time of publication.",... ,... , ...,"Children estimates were not available at the time of publication.",... ,... , ...,"Children estimates were not available at the time of publication.",... ,... , ...,"Children estimates were not available at the time of publication."
United Republic of Tanzania,... ,... , ...,,... ,... , ...,,... ,... , ...,,58 ,55 , 64,,68 ,64 , 75,
United States,... ,... , ...,"Children estimates were not available at the time of publication.",... ,... , ...,"Children estimates were not available at the time of publication.",... ,... , ...,"Children estimates were not available at the time of publication.",... ,... , ...,"Children estimates were not available at the time of publication.",... ,... , ...,"Children estimates were not available at the time of publication."
Uruguay,38 ,32 , 46,,47 ,39 , 56,,56 ,47 , 68,,59 ,49 , 72,,64 ,53 , 78,
Uzbekistan,... ,... , ...,,... ,... , ...,,... ,... , ...,,... ,... , ...,,... ,... , ...,
Venezuela (Bolivarian Republic of),... ,... , ...,,... ,... , ...,,... ,... , ...,,... ,... , ...,,... ,... , ...,
Viet Nam,... ,... , ...,,... ,... , ...,,... ,... , ...,,... ,... , ...,,61 ,56 , 67,
Yemen,... ,... , ...,,... ,... , ...,,... ,... , ...,,... ,... , ...,,... ,... , ...,
Zambia,... ,... , ...,,... ,... , ...,,... ,... , ...,,... ,... , ...,,68 ,64 , 75,
Zimbabwe,... ,... , ...,,... ,... , ...,,... ,... , ...,,... ,... , ...,,77 ,71 , 84,
Global,41 ,33,50,,47 ,37,56,,50 ,40,60,,55 ,44,66,,61 ,49,73,